employee_id,department_id,tenure_days,absent_days,total_working_days,absenteeism_rate,attrition_risk,last_updated
162,7,3646,5,6,0.8333333333333334,MEDIUM,2026-06-10 19:21:08.144692
688,1,1327,5,6,0.8333333333333334,MEDIUM,2026-06-10 19:21:08.203385
600,15,1289,5,6,0.8333333333333334,MEDIUM,2026-06-10 19:21:08.192843
905,19,2058,5,6,0.8333333333333334,MEDIUM,2026-06-10 19:21:08.227752
749,15,1307,4,5,0.8,MEDIUM,2026-06-10 19:21:08.210822
227,14,1225,7,9,0.7777777777777778,MEDIUM,2026-06-10 19:21:08.152028
978,3,1214,9,12,0.75,MEDIUM,2026-06-10 19:21:08.235312
744,10,1535,3,4,0.75,MEDIUM,2026-06-10 19:21:08.210210
578,7,909,8,11,0.7272727272727273,MEDIUM,2026-06-10 19:21:08.190371
985,5,2479,5,7,0.7142857142857143,MEDIUM,2026-06-10 19:21:08.235954
873,9,3333,10,14,0.7142857142857143,MEDIUM,2026-06-10 19:21:08.224595
1028,18,1725,7,10,0.7,MEDIUM,2026-06-10 19:21:08.241363
605,15,965,7,10,0.7,MEDIUM,2026-06-10 19:21:08.193453
564,9,1141,7,10,0.7,MEDIUM,2026-06-10 19:21:08.188487
908,10,1967,8,12,0.6666666666666666,MEDIUM,2026-06-10 19:21:08.228214
778,20,698,8,12,0.6666666666666666,MEDIUM,2026-06-10 19:21:08.213290
234,18,1543,4,6,0.6666666666666666,MEDIUM,2026-06-10 19:21:08.152968
642,20,402,8,12,0.6666666666666666,MEDIUM,2026-06-10 19:21:08.197466
16,19,371,2,3,0.6666666666666666,MEDIUM,2026-06-10 19:21:08.127733
527,3,3609,4,6,0.6666666666666666,MEDIUM,2026-06-10 19:21:08.185080
412,3,158,4,6,0.6666666666666666,HIGH,2026-06-10 19:21:08.172616
663,15,681,4,6,0.6666666666666666,MEDIUM,2026-06-10 19:21:08.200287
935,7,3246,4,6,0.6666666666666666,MEDIUM,2026-06-10 19:21:08.231305
316,3,640,10,15,0.6666666666666666,MEDIUM,2026-06-10 19:21:08.162210
574,19,2274,8,12,0.6666666666666666,MEDIUM,2026-06-10 19:21:08.189756
3,20,465,2,3,0.6666666666666666,MEDIUM,2026-06-10 19:21:08.125791
323,12,365,8,12,0.6666666666666666,MEDIUM,2026-06-10 19:21:08.163146
213,2,1189,11,17,0.6470588235294118,MEDIUM,2026-06-10 19:21:08.150599
1023,7,2919,9,14,0.6428571428571429,MEDIUM,2026-06-10 19:21:08.240746
883,14,3296,7,11,0.6363636363636364,MEDIUM,2026-06-10 19:21:08.225529
53,8,960,7,11,0.6363636363636364,MEDIUM,2026-06-10 19:21:08.132038
867,12,1384,7,11,0.6363636363636364,MEDIUM,2026-06-10 19:21:08.223979
542,10,1760,7,11,0.6363636363636364,MEDIUM,2026-06-10 19:21:08.186482
683,9,3250,7,11,0.6363636363636364,MEDIUM,2026-06-10 19:21:08.202610
380,3,1588,5,8,0.625,MEDIUM,2026-06-10 19:21:08.169353
532,10,3569,5,8,0.625,MEDIUM,2026-06-10 19:21:08.185713
1093,14,2576,5,8,0.625,MEDIUM,2026-06-10 19:21:08.247881
914,5,3043,10,16,0.625,MEDIUM,2026-06-10 19:21:08.228986
557,11,432,8,13,0.6153846153846154,MEDIUM,2026-06-10 19:21:08.188174
54,11,1553,3,5,0.6,MEDIUM,2026-06-10 19:21:08.132205
116,4,2681,3,5,0.6,MEDIUM,2026-06-10 19:21:08.139377
710,14,1938,6,10,0.6,MEDIUM,2026-06-10 19:21:08.206360
23,15,2470,6,10,0.6,MEDIUM,2026-06-10 19:21:08.128571
473,2,3320,6,10,0.6,MEDIUM,2026-06-10 19:21:08.179490
652,4,962,9,15,0.6,MEDIUM,2026-06-10 19:21:08.198696
163,12,2206,6,10,0.6,MEDIUM,2026-06-10 19:21:08.144842
1013,14,2400,6,10,0.6,MEDIUM,2026-06-10 19:21:08.239671
352,1,2331,6,10,0.6,MEDIUM,2026-06-10 19:21:08.165645
143,10,1588,6,10,0.6,MEDIUM,2026-06-10 19:21:08.142630
861,16,2800,7,12,0.5833333333333334,MEDIUM,2026-06-10 19:21:08.223351
1026,1,1811,7,12,0.5833333333333334,MEDIUM,2026-06-10 19:21:08.241210
478,12,1805,7,12,0.5833333333333334,MEDIUM,2026-06-10 19:21:08.179801
279,1,1218,7,12,0.5833333333333334,MEDIUM,2026-06-10 19:21:08.158473
436,9,452,7,12,0.5833333333333334,MEDIUM,2026-06-10 19:21:08.175876
720,6,71,7,12,0.5833333333333334,HIGH,2026-06-10 19:21:08.207585
997,1,1288,4,7,0.5714285714285714,MEDIUM,2026-06-10 19:21:08.237507
788,15,1611,4,7,0.5714285714285714,MEDIUM,2026-06-10 19:21:08.214520
33,20,1361,8,14,0.5714285714285714,MEDIUM,2026-06-10 19:21:08.129572
419,2,1876,4,7,0.5714285714285714,MEDIUM,2026-06-10 19:21:08.173555
750,14,1991,4,7,0.5714285714285714,MEDIUM,2026-06-10 19:21:08.210975
1032,12,332,8,14,0.5714285714285714,HIGH,2026-06-10 19:21:08.241833
901,5,1975,8,14,0.5714285714285714,MEDIUM,2026-06-10 19:21:08.227423
694,10,2680,8,14,0.5714285714285714,MEDIUM,2026-06-10 19:21:08.204331
980,6,1661,4,7,0.5714285714285714,MEDIUM,2026-06-10 19:21:08.235471
178,8,1187,4,7,0.5714285714285714,MEDIUM,2026-06-10 19:21:08.146626
174,12,335,8,14,0.5714285714285714,HIGH,2026-06-10 19:21:08.146162
90,4,2719,4,7,0.5714285714285714,MEDIUM,2026-06-10 19:21:08.136463
426,11,1697,9,16,0.5625,MEDIUM,2026-06-10 19:21:08.174329
579,9,2160,5,9,0.5555555555555556,MEDIUM,2026-06-10 19:21:08.190526
998,16,1588,5,9,0.5555555555555556,MEDIUM,2026-06-10 19:21:08.237657
1008,4,90,10,18,0.5555555555555556,HIGH,2026-06-10 19:21:08.239052
1095,4,3527,5,9,0.5555555555555556,MEDIUM,2026-06-10 19:21:08.248036
841,12,3483,5,9,0.5555555555555556,MEDIUM,2026-06-10 19:21:08.221023
660,2,1841,5,9,0.5555555555555556,MEDIUM,2026-06-10 19:21:08.199825
317,7,779,5,9,0.5555555555555556,MEDIUM,2026-06-10 19:21:08.162368
541,4,1673,5,9,0.5555555555555556,MEDIUM,2026-06-10 19:21:08.186331
355,10,3421,5,9,0.5555555555555556,MEDIUM,2026-06-10 19:21:08.165951
371,1,1017,5,9,0.5555555555555556,MEDIUM,2026-06-10 19:21:08.167966
1080,16,108,5,9,0.5555555555555556,HIGH,2026-06-10 19:21:08.246477
195,18,1245,5,9,0.5555555555555556,MEDIUM,2026-06-10 19:21:08.148181
941,17,798,10,18,0.5555555555555556,MEDIUM,2026-06-10 19:21:08.231770
212,16,30,6,11,0.5454545454545454,HIGH,2026-06-10 19:21:08.150445
887,6,1783,6,11,0.5454545454545454,MEDIUM,2026-06-10 19:21:08.225885
39,18,304,6,11,0.5454545454545454,HIGH,2026-06-10 19:21:08.130399
855,11,2464,6,11,0.5454545454545454,MEDIUM,2026-06-10 19:21:08.222582
919,7,3542,6,11,0.5454545454545454,MEDIUM,2026-06-10 19:21:08.229611
207,14,856,6,11,0.5454545454545454,MEDIUM,2026-06-10 19:21:08.149981
741,2,3399,6,11,0.5454545454545454,MEDIUM,2026-06-10 19:21:08.209748
721,9,654,6,11,0.5454545454545454,MEDIUM,2026-06-10 19:21:08.207738
902,6,1247,7,13,0.5384615384615384,MEDIUM,2026-06-10 19:21:08.227580
1099,15,3165,7,13,0.5384615384615384,MEDIUM,2026-06-10 19:21:08.248655
18,15,3549,7,13,0.5384615384615384,MEDIUM,2026-06-10 19:21:08.128071
170,5,1312,7,13,0.5384615384615384,MEDIUM,2026-06-10 19:21:08.145578
275,3,830,7,13,0.5384615384615384,MEDIUM,2026-06-10 19:21:08.158004
105,4,1927,7,13,0.5384615384615384,MEDIUM,2026-06-10 19:21:08.138253
913,2,1196,7,13,0.5384615384615384,MEDIUM,2026-06-10 19:21:08.228835
500,14,3296,7,13,0.5384615384615384,MEDIUM,2026-06-10 19:21:08.181988
375,10,3017,7,13,0.5384615384615384,MEDIUM,2026-06-10 19:21:08.168580
888,14,117,8,15,0.5333333333333333,HIGH,2026-06-10 19:21:08.226042
590,14,632,8,15,0.5333333333333333,MEDIUM,2026-06-10 19:21:08.191920
140,18,3494,8,15,0.5333333333333333,MEDIUM,2026-06-10 19:21:08.142189
229,11,1775,8,15,0.5333333333333333,MEDIUM,2026-06-10 19:21:08.152343
248,9,2602,9,17,0.5294117647058824,MEDIUM,2026-06-10 19:21:08.154546
1073,20,112,9,17,0.5294117647058824,HIGH,2026-06-10 19:21:08.246000
434,15,1742,9,17,0.5294117647058824,MEDIUM,2026-06-10 19:21:08.175567
97,2,2498,5,10,0.5,MEDIUM,2026-06-10 19:21:08.137277
353,1,3507,7,14,0.5,MEDIUM,2026-06-10 19:21:08.165795
582,9,1274,5,10,0.5,MEDIUM,2026-06-10 19:21:08.190997
84,4,345,5,10,0.5,HIGH,2026-06-10 19:21:08.135972
449,15,51,4,8,0.5,HIGH,2026-06-10 19:21:08.177116
77,18,3169,4,8,0.5,MEDIUM,2026-06-10 19:21:08.135159
950,14,1876,5,10,0.5,MEDIUM,2026-06-10 19:21:08.232846
645,20,460,3,6,0.5,MEDIUM,2026-06-10 19:21:08.197929
1060,10,796,6,12,0.5,MEDIUM,2026-06-10 19:21:08.244607
573,14,469,4,8,0.5,MEDIUM,2026-06-10 19:21:08.189604
569,6,823,4,8,0.5,MEDIUM,2026-06-10 19:21:08.189291
568,14,364,5,10,0.5,HIGH,2026-06-10 19:21:08.189137
789,9,2688,4,8,0.5,MEDIUM,2026-06-10 19:21:08.214677
62,11,3639,6,12,0.5,MEDIUM,2026-06-10 19:21:08.133347
521,17,3157,7,14,0.5,MEDIUM,2026-06-10 19:21:08.184468
186,17,401,6,12,0.5,MEDIUM,2026-06-10 19:21:08.147247
327,18,1177,7,14,0.5,MEDIUM,2026-06-10 19:21:08.163450
469,6,217,5,10,0.5,HIGH,2026-06-10 19:21:08.179177
58,16,2995,2,4,0.5,MEDIUM,2026-06-10 19:21:08.132860
1,17,2466,6,12,0.5,MEDIUM,2026-06-10 19:21:08.125391
777,19,2288,6,12,0.5,MEDIUM,2026-06-10 19:21:08.213136
52,9,2062,8,16,0.5,MEDIUM,2026-06-10 19:21:08.131877
481,14,43,4,8,0.5,HIGH,2026-06-10 19:21:08.180111
921,8,1050,4,8,0.5,MEDIUM,2026-06-10 19:21:08.229919
937,12,2149,5,10,0.5,MEDIUM,2026-06-10 19:21:08.231456
31,8,2352,5,10,0.5,MEDIUM,2026-06-10 19:21:08.129237
666,1,1189,4,8,0.5,MEDIUM,2026-06-10 19:21:08.200750
203,2,1419,6,12,0.5,MEDIUM,2026-06-10 19:21:08.149308
498,18,1889,3,6,0.5,MEDIUM,2026-06-10 19:21:08.181833
983,19,1444,4,8,0.5,MEDIUM,2026-06-10 19:21:08.235800
270,11,2784,7,14,0.5,MEDIUM,2026-06-10 19:21:08.157202
610,6,209,5,10,0.5,HIGH,2026-06-10 19:21:08.194068
401,7,3425,7,14,0.5,MEDIUM,2026-06-10 19:21:08.171373
916,20,1462,7,14,0.5,MEDIUM,2026-06-10 19:21:08.229299
990,7,1446,5,10,0.5,MEDIUM,2026-06-10 19:21:08.236568
812,20,1096,10,20,0.5,MEDIUM,2026-06-10 19:21:08.217458
389,5,2020,7,14,0.5,MEDIUM,2026-06-10 19:21:08.170139
808,17,2784,6,12,0.5,MEDIUM,2026-06-10 19:21:08.216843
806,16,543,6,12,0.5,MEDIUM,2026-06-10 19:21:08.216693
378,19,2385,4,8,0.5,MEDIUM,2026-06-10 19:21:08.169048
376,6,1351,6,12,0.5,MEDIUM,2026-06-10 19:21:08.168739
144,4,728,6,12,0.5,MEDIUM,2026-06-10 19:21:08.142777
373,14,3392,5,10,0.5,MEDIUM,2026-06-10 19:21:08.168273
829,12,1061,5,10,0.5,MEDIUM,2026-06-10 19:21:08.219771
149,2,1009,3,6,0.5,MEDIUM,2026-06-10 19:21:08.143514
100,6,402,4,8,0.5,MEDIUM,2026-06-10 19:21:08.137437
278,1,503,6,12,0.5,MEDIUM,2026-06-10 19:21:08.158315
696,20,2190,3,6,0.5,MEDIUM,2026-06-10 19:21:08.204645
7,4,958,8,16,0.5,MEDIUM,2026-06-10 19:21:08.126323
119,1,1690,4,8,0.5,MEDIUM,2026-06-10 19:21:08.139706
416,12,878,5,10,0.5,MEDIUM,2026-06-10 19:21:08.173077
822,16,1351,5,10,0.5,MEDIUM,2026-06-10 19:21:08.218858
824,19,3535,9,18,0.5,MEDIUM,2026-06-10 19:21:08.219013
686,6,2677,7,14,0.5,MEDIUM,2026-06-10 19:21:08.203079
1007,14,2110,5,10,0.5,MEDIUM,2026-06-10 19:21:08.238898
504,18,3283,5,10,0.5,MEDIUM,2026-06-10 19:21:08.182454
671,14,948,7,14,0.5,MEDIUM,2026-06-10 19:21:08.201367
217,7,1436,6,12,0.5,MEDIUM,2026-06-10 19:21:08.150921
674,3,3189,3,6,0.5,MEDIUM,2026-06-10 19:21:08.201681
219,20,2623,6,12,0.5,MEDIUM,2026-06-10 19:21:08.151235
291,4,2948,8,16,0.5,MEDIUM,2026-06-10 19:21:08.160180
969,6,376,6,12,0.5,MEDIUM,2026-06-10 19:21:08.234696
9,6,418,6,12,0.5,MEDIUM,2026-06-10 19:21:08.126669
286,19,599,3,6,0.5,MEDIUM,2026-06-10 19:21:08.159406
12,18,460,7,14,0.5,MEDIUM,2026-06-10 19:21:08.127174
725,20,2324,7,14,0.5,MEDIUM,2026-06-10 19:21:08.208203
679,3,3289,11,23,0.4782608695652174,MEDIUM,2026-06-10 19:21:08.201988
73,8,967,9,19,0.47368421052631576,MEDIUM,2026-06-10 19:21:08.134833
109,14,2374,8,17,0.47058823529411764,MEDIUM,2026-06-10 19:21:08.138783
169,11,839,8,17,0.47058823529411764,MEDIUM,2026-06-10 19:21:08.145432
366,10,449,8,17,0.47058823529411764,MEDIUM,2026-06-10 19:21:08.167349
1029,5,3535,8,17,0.47058823529411764,MEDIUM,2026-06-10 19:21:08.241521
989,8,1656,7,15,0.4666666666666667,MEDIUM,2026-06-10 19:21:08.236416
60,10,3488,6,13,0.46153846153846156,MEDIUM,2026-06-10 19:21:08.133183
34,16,2548,6,13,0.46153846153846156,MEDIUM,2026-06-10 19:21:08.129740
94,16,3445,6,13,0.46153846153846156,MEDIUM,2026-06-10 19:21:08.136788
825,16,1679,6,13,0.46153846153846156,MEDIUM,2026-06-10 19:21:08.219162
800,11,683,6,13,0.46153846153846156,MEDIUM,2026-06-10 19:21:08.215755
953,8,809,6,13,0.46153846153846156,MEDIUM,2026-06-10 19:21:08.232999
791,15,1588,6,13,0.46153846153846156,MEDIUM,2026-06-10 19:21:08.214832
776,6,450,6,13,0.46153846153846156,MEDIUM,2026-06-10 19:21:08.212980
745,14,2007,6,13,0.46153846153846156,MEDIUM,2026-06-10 19:21:08.210361
649,20,1402,6,13,0.46153846153846156,MEDIUM,2026-06-10 19:21:08.198545
641,20,443,6,13,0.46153846153846156,MEDIUM,2026-06-10 19:21:08.197310
407,12,2340,6,13,0.46153846153846156,MEDIUM,2026-06-10 19:21:08.171992
525,7,1976,6,13,0.46153846153846156,MEDIUM,2026-06-10 19:21:08.184922
17,2,405,5,11,0.45454545454545453,MEDIUM,2026-06-10 19:21:08.127904
443,18,285,5,11,0.45454545454545453,HIGH,2026-06-10 19:21:08.176499
838,8,2883,5,11,0.45454545454545453,MEDIUM,2026-06-10 19:21:08.220716
1058,16,936,5,11,0.45454545454545453,MEDIUM,2026-06-10 19:21:08.244293
689,11,2542,5,11,0.45454545454545453,MEDIUM,2026-06-10 19:21:08.203542
133,20,2208,5,11,0.45454545454545453,MEDIUM,2026-06-10 19:21:08.141304
602,17,1894,5,11,0.45454545454545453,MEDIUM,2026-06-10 19:21:08.193152
594,12,314,5,11,0.45454545454545453,HIGH,2026-06-10 19:21:08.192380
161,5,3366,5,11,0.45454545454545453,MEDIUM,2026-06-10 19:21:08.144547
351,6,468,5,11,0.45454545454545453,MEDIUM,2026-06-10 19:21:08.165490
857,1,1726,5,11,0.45454545454545453,MEDIUM,2026-06-10 19:21:08.222737
623,6,2334,5,11,0.45454545454545453,MEDIUM,2026-06-10 19:21:08.195151
334,20,579,5,11,0.45454545454545453,MEDIUM,2026-06-10 19:21:08.164076
384,8,1008,5,11,0.45454545454545453,MEDIUM,2026-06-10 19:21:08.169667
1068,5,3392,5,11,0.45454545454545453,MEDIUM,2026-06-10 19:21:08.245380
1066,1,2598,5,11,0.45454545454545453,MEDIUM,2026-06-10 19:21:08.245224
65,8,732,5,11,0.45454545454545453,MEDIUM,2026-06-10 19:21:08.133839
385,10,1230,5,11,0.45454545454545453,MEDIUM,2026-06-10 19:21:08.169816
1091,1,129,5,11,0.45454545454545453,HIGH,2026-06-10 19:21:08.247574
716,7,1588,4,9,0.4444444444444444,MEDIUM,2026-06-10 19:21:08.207281
494,16,546,4,9,0.4444444444444444,MEDIUM,2026-06-10 19:21:08.181368
546,8,1682,4,9,0.4444444444444444,MEDIUM,2026-06-10 19:21:08.186940
1055,20,129,4,9,0.4444444444444444,HIGH,2026-06-10 19:21:08.243830
565,9,197,4,9,0.4444444444444444,HIGH,2026-06-10 19:21:08.188640
706,5,1105,4,9,0.4444444444444444,MEDIUM,2026-06-10 19:21:08.206053
78,2,2123,4,9,0.4444444444444444,MEDIUM,2026-06-10 19:21:08.135322
906,17,2307,4,9,0.4444444444444444,MEDIUM,2026-06-10 19:21:08.227905
423,6,1059,4,9,0.4444444444444444,MEDIUM,2026-06-10 19:21:08.173866
205,7,1141,4,9,0.4444444444444444,MEDIUM,2026-06-10 19:21:08.149617
702,12,533,7,16,0.4375,MEDIUM,2026-06-10 19:21:08.205445
267,14,3117,7,16,0.4375,MEDIUM,2026-06-10 19:21:08.156891
447,11,2585,7,16,0.4375,MEDIUM,2026-06-10 19:21:08.176962
44,10,665,7,16,0.4375,MEDIUM,2026-06-10 19:21:08.131059
946,10,2369,7,16,0.4375,MEDIUM,2026-06-10 19:21:08.232381
1079,6,2382,7,16,0.4375,MEDIUM,2026-06-10 19:21:08.246318
1005,18,616,7,16,0.4375,MEDIUM,2026-06-10 19:21:08.238581
274,15,2597,7,16,0.4375,MEDIUM,2026-06-10 19:21:08.157846
430,20,2637,7,16,0.4375,MEDIUM,2026-06-10 19:21:08.174951
486,9,3248,6,14,0.42857142857142855,MEDIUM,2026-06-10 19:21:08.180577
6,16,1211,3,7,0.42857142857142855,MEDIUM,2026-06-10 19:21:08.126143
287,15,1004,6,14,0.42857142857142855,MEDIUM,2026-06-10 19:21:08.159559
288,6,1127,6,14,0.42857142857142855,MEDIUM,2026-06-10 19:21:08.159716
739,9,3234,3,7,0.42857142857142855,MEDIUM,2026-06-10 19:21:08.209594
670,9,1225,3,7,0.42857142857142855,MEDIUM,2026-06-10 19:21:08.201212
669,2,1689,3,7,0.42857142857142855,MEDIUM,2026-06-10 19:21:08.201060
312,12,1223,6,14,0.42857142857142855,MEDIUM,2026-06-10 19:21:08.161888
198,18,1973,3,7,0.42857142857142855,MEDIUM,2026-06-10 19:21:08.148646
196,11,3302,3,7,0.42857142857142855,MEDIUM,2026-06-10 19:21:08.148337
653,3,1701,6,14,0.42857142857142855,MEDIUM,2026-06-10 19:21:08.198857
781,7,3131,3,7,0.42857142857142855,MEDIUM,2026-06-10 19:21:08.213752
176,3,2751,3,7,0.42857142857142855,MEDIUM,2026-06-10 19:21:08.146474
1031,17,2889,6,14,0.42857142857142855,MEDIUM,2026-06-10 19:21:08.241675
165,10,9,6,14,0.42857142857142855,HIGH,2026-06-10 19:21:08.144987
644,17,364,3,7,0.42857142857142855,HIGH,2026-06-10 19:21:08.197777
152,4,625,6,14,0.42857142857142855,MEDIUM,2026-06-10 19:21:08.143810
364,6,1800,6,14,0.42857142857142855,MEDIUM,2026-06-10 19:21:08.167039
372,12,349,3,7,0.42857142857142855,HIGH,2026-06-10 19:21:08.168118
1025,14,15,3,7,0.42857142857142855,HIGH,2026-06-10 19:21:08.241057
1070,4,1924,6,14,0.42857142857142855,MEDIUM,2026-06-10 19:21:08.245691
141,12,197,6,14,0.42857142857142855,HIGH,2026-06-10 19:21:08.142334
400,2,834,6,14,0.42857142857142855,MEDIUM,2026-06-10 19:21:08.171218
599,10,857,6,14,0.42857142857142855,MEDIUM,2026-06-10 19:21:08.192691
591,2,1076,6,14,0.42857142857142855,MEDIUM,2026-06-10 19:21:08.192074
831,11,1646,6,14,0.42857142857142855,MEDIUM,2026-06-10 19:21:08.220089
846,7,417,6,14,0.42857142857142855,MEDIUM,2026-06-10 19:21:08.221813
849,6,2398,6,14,0.42857142857142855,MEDIUM,2026-06-10 19:21:08.221965
543,2,1411,6,14,0.42857142857142855,MEDIUM,2026-06-10 19:21:08.186636
252,3,375,6,14,0.42857142857142855,MEDIUM,2026-06-10 19:21:08.155011
492,2,20,6,14,0.42857142857142855,HIGH,2026-06-10 19:21:08.181212
932,6,3617,6,14,0.42857142857142855,MEDIUM,2026-06-10 19:21:08.230998
930,4,1708,6,14,0.42857142857142855,MEDIUM,2026-06-10 19:21:08.230845
944,6,858,8,19,0.42105263157894735,MEDIUM,2026-06-10 19:21:08.232074
280,12,2775,8,19,0.42105263157894735,MEDIUM,2026-06-10 19:21:08.158627
245,3,172,5,12,0.4166666666666667,HIGH,2026-06-10 19:21:08.154235
43,15,354,5,12,0.4166666666666667,HIGH,2026-06-10 19:21:08.130893
358,16,1463,5,12,0.4166666666666667,MEDIUM,2026-06-10 19:21:08.166263
842,20,371,5,12,0.4166666666666667,MEDIUM,2026-06-10 19:21:08.221184
1090,7,3347,5,12,0.4166666666666667,MEDIUM,2026-06-10 19:21:08.247417
593,10,1782,5,12,0.4166666666666667,MEDIUM,2026-06-10 19:21:08.192228
293,9,196,5,12,0.4166666666666667,HIGH,2026-06-10 19:21:08.160338
826,4,3099,5,12,0.4166666666666667,MEDIUM,2026-06-10 19:21:08.219315
1021,9,3647,5,12,0.4166666666666667,MEDIUM,2026-06-10 19:21:08.240441
818,10,2372,5,12,0.4166666666666667,MEDIUM,2026-06-10 19:21:08.218239
684,16,580,5,12,0.4166666666666667,MEDIUM,2026-06-10 19:21:08.202763
854,4,1804,5,12,0.4166666666666667,MEDIUM,2026-06-10 19:21:08.222426
511,4,3249,5,12,0.4166666666666667,MEDIUM,2026-06-10 19:21:08.183225
775,9,521,5,12,0.4166666666666667,MEDIUM,2026-06-10 19:21:08.212829
68,18,3508,5,12,0.4166666666666667,MEDIUM,2026-06-10 19:21:08.134002
648,15,2753,5,12,0.4166666666666667,MEDIUM,2026-06-10 19:21:08.198390
497,11,2341,5,12,0.4166666666666667,MEDIUM,2026-06-10 19:21:08.181676
348,14,3002,5,12,0.4166666666666667,MEDIUM,2026-06-10 19:21:08.165184
662,10,1268,5,12,0.4166666666666667,MEDIUM,2026-06-10 19:21:08.200135
342,11,2928,5,12,0.4166666666666667,MEDIUM,2026-06-10 19:21:08.164556
367,16,975,5,12,0.4166666666666667,MEDIUM,2026-06-10 19:21:08.167503
604,12,3228,7,17,0.4117647058823529,MEDIUM,2026-06-10 19:21:08.193302
379,10,758,6,15,0.4,MEDIUM,2026-06-10 19:21:08.169199
805,2,2480,2,5,0.4,MEDIUM,2026-06-10 19:21:08.216538
988,8,790,6,15,0.4,MEDIUM,2026-06-10 19:21:08.236262
319,16,2993,4,10,0.4,MEDIUM,2026-06-10 19:21:08.162674
146,2,499,2,5,0.4,MEDIUM,2026-06-10 19:21:08.143071
19,15,1438,4,10,0.4,MEDIUM,2026-06-10 19:21:08.128235
909,19,396,4,10,0.4,MEDIUM,2026-06-10 19:21:08.228368
1077,9,2804,4,10,0.4,MEDIUM,2026-06-10 19:21:08.246153
200,18,2295,4,10,0.4,MEDIUM,2026-06-10 19:21:08.148819
392,8,1690,2,5,0.4,MEDIUM,2026-06-10 19:21:08.170444
395,18,1306,4,10,0.4,MEDIUM,2026-06-10 19:21:08.170598
130,8,144,4,10,0.4,MEDIUM,2026-06-10 19:21:08.141011
615,2,798,6,15,0.4,MEDIUM,2026-06-10 19:21:08.194689
404,20,1560,4,10,0.4,MEDIUM,2026-06-10 19:21:08.171683
1020,8,515,6,15,0.4,MEDIUM,2026-06-10 19:21:08.240285
427,20,3005,6,15,0.4,MEDIUM,2026-06-10 19:21:08.174483
1056,3,2190,2,5,0.4,MEDIUM,2026-06-10 19:21:08.243984
507,7,1080,6,15,0.4,MEDIUM,2026-06-10 19:21:08.182761
589,18,323,6,15,0.4,MEDIUM,2026-06-10 19:21:08.191769
87,7,1284,4,10,0.4,MEDIUM,2026-06-10 19:21:08.136135
228,11,1318,2,5,0.4,MEDIUM,2026-06-10 19:21:08.152185
839,14,1021,4,10,0.4,MEDIUM,2026-06-10 19:21:08.220868
1037,6,2397,4,10,0.4,MEDIUM,2026-06-10 19:21:08.242447
555,17,673,4,10,0.4,MEDIUM,2026-06-10 19:21:08.188014
239,11,1463,4,10,0.4,MEDIUM,2026-06-10 19:21:08.153436
942,18,3110,2,5,0.4,MEDIUM,2026-06-10 19:21:08.231921
1039,8,3576,4,10,0.4,MEDIUM,2026-06-10 19:21:08.242757
868,12,2706,4,10,0.4,MEDIUM,2026-06-10 19:21:08.224132
987,8,2225,4,10,0.4,MEDIUM,2026-06-10 19:21:08.236106
796,6,1142,4,10,0.4,MEDIUM,2026-06-10 19:21:08.215295
250,2,2113,2,5,0.4,MEDIUM,2026-06-10 19:21:08.154698
326,20,3365,4,10,0.4,MEDIUM,2026-06-10 19:21:08.163298
153,19,1486,4,10,0.4,MEDIUM,2026-06-10 19:21:08.143953
804,9,2738,6,15,0.4,MEDIUM,2026-06-10 19:21:08.216377
104,16,3050,7,18,0.3888888888888889,MEDIUM,2026-06-10 19:21:08.138091
955,17,1100,7,18,0.3888888888888889,MEDIUM,2026-06-10 19:21:08.233149
517,17,1225,5,13,0.38461538461538464,MEDIUM,2026-06-10 19:21:08.183999
907,2,1973,5,13,0.38461538461538464,MEDIUM,2026-06-10 19:21:08.228057
581,16,3495,10,26,0.38461538461538464,MEDIUM,2026-06-10 19:21:08.190842
1053,15,1431,5,13,0.38461538461538464,MEDIUM,2026-06-10 19:21:08.243678
282,2,2851,5,13,0.38461538461538464,MEDIUM,2026-06-10 19:21:08.158947
76,12,3497,5,13,0.38461538461538464,MEDIUM,2026-06-10 19:21:08.134993
128,5,2459,5,13,0.38461538461538464,MEDIUM,2026-06-10 19:21:08.140704
726,18,2536,5,13,0.38461538461538464,MEDIUM,2026-06-10 19:21:08.208358
659,14,1743,5,13,0.38461538461538464,MEDIUM,2026-06-10 19:21:08.199670
232,15,2283,5,13,0.38461538461538464,MEDIUM,2026-06-10 19:21:08.152814
632,10,48,5,13,0.38461538461538464,MEDIUM,2026-06-10 19:21:08.196075
8,7,595,5,13,0.38461538461538464,MEDIUM,2026-06-10 19:21:08.126496
802,10,2539,5,13,0.38461538461538464,MEDIUM,2026-06-10 19:21:08.216062
551,2,2937,5,13,0.38461538461538464,MEDIUM,2026-06-10 19:21:08.187556
742,16,2799,5,13,0.38461538461538464,MEDIUM,2026-06-10 19:21:08.209900
767,9,215,5,13,0.38461538461538464,MEDIUM,2026-06-10 19:21:08.212215
1022,14,1656,5,13,0.38461538461538464,MEDIUM,2026-06-10 19:21:08.240596
1081,3,963,5,13,0.38461538461538464,MEDIUM,2026-06-10 19:21:08.246635
265,10,630,5,13,0.38461538461538464,MEDIUM,2026-06-10 19:21:08.156732
1019,17,2578,5,13,0.38461538461538464,MEDIUM,2026-06-10 19:21:08.240134
509,15,862,5,13,0.38461538461538464,MEDIUM,2026-06-10 19:21:08.182916
836,7,696,5,13,0.38461538461538464,MEDIUM,2026-06-10 19:21:08.220561
113,1,1099,8,21,0.38095238095238093,MEDIUM,2026-06-10 19:21:08.139207
1072,16,3340,3,8,0.375,MEDIUM,2026-06-10 19:21:08.245845
545,19,3356,3,8,0.375,MEDIUM,2026-06-10 19:21:08.186789
528,4,910,3,8,0.375,MEDIUM,2026-06-10 19:21:08.185242
703,14,1678,3,8,0.375,MEDIUM,2026-06-10 19:21:08.205597
535,11,1580,6,16,0.375,MEDIUM,2026-06-10 19:21:08.186020
638,19,796,3,8,0.375,MEDIUM,2026-06-10 19:21:08.197004
290,6,1953,6,16,0.375,MEDIUM,2026-06-10 19:21:08.160024
360,1,3237,3,8,0.375,MEDIUM,2026-06-10 19:21:08.166569
947,7,1350,3,8,0.375,MEDIUM,2026-06-10 19:21:08.232540
377,16,885,3,8,0.375,MEDIUM,2026-06-10 19:21:08.168893
717,18,1440,3,8,0.375,MEDIUM,2026-06-10 19:21:08.207432
991,18,3361,6,16,0.375,MEDIUM,2026-06-10 19:21:08.236722
491,11,1009,3,8,0.375,MEDIUM,2026-06-10 19:21:08.181055
1069,11,3640,6,16,0.375,MEDIUM,2026-06-10 19:21:08.245534
399,5,2880,6,16,0.375,MEDIUM,2026-06-10 19:21:08.171060
103,20,1067,3,8,0.375,MEDIUM,2026-06-10 19:21:08.137930
425,4,444,3,8,0.375,MEDIUM,2026-06-10 19:21:08.174175
957,16,1608,6,16,0.375,MEDIUM,2026-06-10 19:21:08.233458
63,4,1959,3,8,0.375,MEDIUM,2026-06-10 19:21:08.133509
359,12,770,6,16,0.375,MEDIUM,2026-06-10 19:21:08.166414
284,8,374,6,16,0.375,MEDIUM,2026-06-10 19:21:08.159252
792,10,862,3,8,0.375,MEDIUM,2026-06-10 19:21:08.214985
595,14,841,6,16,0.375,MEDIUM,2026-06-10 19:21:08.192536
699,18,3285,3,8,0.375,MEDIUM,2026-06-10 19:21:08.204971
320,10,1826,3,8,0.375,MEDIUM,2026-06-10 19:21:08.162830
49,20,2471,6,16,0.375,MEDIUM,2026-06-10 19:21:08.131385
453,20,1243,7,19,0.3684210526315789,MEDIUM,2026-06-10 19:21:08.177631
646,3,1641,4,11,0.36363636363636365,MEDIUM,2026-06-10 19:21:08.198084
798,6,976,4,11,0.36363636363636365,MEDIUM,2026-06-10 19:21:08.215447
370,4,1583,4,11,0.36363636363636365,MEDIUM,2026-06-10 19:21:08.167812
761,18,482,4,11,0.36363636363636365,MEDIUM,2026-06-10 19:21:08.211754
636,3,1565,4,11,0.36363636363636365,MEDIUM,2026-06-10 19:21:08.196693
820,18,982,4,11,0.36363636363636365,MEDIUM,2026-06-10 19:21:08.218548
630,6,1773,4,11,0.36363636363636365,MEDIUM,2026-06-10 19:21:08.195921
1003,4,2350,4,11,0.36363636363636365,MEDIUM,2026-06-10 19:21:08.238277
457,12,879,4,11,0.36363636363636365,MEDIUM,2026-06-10 19:21:08.178094
118,17,2879,4,11,0.36363636363636365,MEDIUM,2026-06-10 19:21:08.139539
519,8,793,4,11,0.36363636363636365,MEDIUM,2026-06-10 19:21:08.184156
924,8,250,4,11,0.36363636363636365,MEDIUM,2026-06-10 19:21:08.230226
970,7,331,4,11,0.36363636363636365,MEDIUM,2026-06-10 19:21:08.234851
911,11,1010,4,11,0.36363636363636365,MEDIUM,2026-06-10 19:21:08.228675
503,12,1097,4,11,0.36363636363636365,MEDIUM,2026-06-10 19:21:08.182298
899,18,3019,4,11,0.36363636363636365,MEDIUM,2026-06-10 19:21:08.227115
748,12,430,4,11,0.36363636363636365,MEDIUM,2026-06-10 19:21:08.210669
137,16,1144,4,11,0.36363636363636365,MEDIUM,2026-06-10 19:21:08.141893
297,15,438,8,22,0.36363636363636365,MEDIUM,2026-06-10 19:21:08.160802
664,9,979,4,11,0.36363636363636365,MEDIUM,2026-06-10 19:21:08.200443
993,5,2432,4,11,0.36363636363636365,MEDIUM,2026-06-10 19:21:08.237036
255,7,839,4,11,0.36363636363636365,MEDIUM,2026-06-10 19:21:08.155487
226,19,2605,4,11,0.36363636363636365,MEDIUM,2026-06-10 19:21:08.151870
705,14,592,4,11,0.36363636363636365,MEDIUM,2026-06-10 19:21:08.205901
810,8,169,5,14,0.35714285714285715,MEDIUM,2026-06-10 19:21:08.217153
414,11,738,5,14,0.35714285714285715,MEDIUM,2026-06-10 19:21:08.172920
835,8,1211,5,14,0.35714285714285715,MEDIUM,2026-06-10 19:21:08.220396
766,10,3172,5,14,0.35714285714285715,MEDIUM,2026-06-10 19:21:08.212059
1059,8,572,5,14,0.35714285714285715,MEDIUM,2026-06-10 19:21:08.244447
550,7,2194,5,14,0.35714285714285715,MEDIUM,2026-06-10 19:21:08.187404
877,19,3556,5,14,0.35714285714285715,MEDIUM,2026-06-10 19:21:08.224910
188,16,337,5,14,0.35714285714285715,MEDIUM,2026-06-10 19:21:08.147557
685,12,2592,5,14,0.35714285714285715,MEDIUM,2026-06-10 19:21:08.202916
992,11,3572,5,14,0.35714285714285715,MEDIUM,2026-06-10 19:21:08.236879
218,7,578,5,14,0.35714285714285715,MEDIUM,2026-06-10 19:21:08.151079
332,12,1327,5,14,0.35714285714285715,MEDIUM,2026-06-10 19:21:08.163765
341,19,1991,5,14,0.35714285714285715,MEDIUM,2026-06-10 19:21:08.164400
968,8,1832,5,14,0.35714285714285715,MEDIUM,2026-06-10 19:21:08.234541
47,15,1601,5,14,0.35714285714285715,MEDIUM,2026-06-10 19:21:08.131222
531,1,998,5,14,0.35714285714285715,MEDIUM,2026-06-10 19:21:08.185559
13,14,989,6,17,0.35294117647058826,MEDIUM,2026-06-10 19:21:08.127399
713,15,779,6,17,0.35294117647058826,MEDIUM,2026-06-10 19:21:08.206818
240,16,1806,6,17,0.35294117647058826,MEDIUM,2026-06-10 19:21:08.153594
40,8,127,6,17,0.35294117647058826,MEDIUM,2026-06-10 19:21:08.130569
439,12,3177,6,17,0.35294117647058826,MEDIUM,2026-06-10 19:21:08.176036
637,14,1005,6,17,0.35294117647058826,MEDIUM,2026-06-10 19:21:08.196849
814,2,1918,6,17,0.35294117647058826,MEDIUM,2026-06-10 19:21:08.217615
661,9,1381,6,17,0.35294117647058826,MEDIUM,2026-06-10 19:21:08.199981
277,5,540,6,17,0.35294117647058826,MEDIUM,2026-06-10 19:21:08.158159
711,8,3326,6,17,0.35294117647058826,MEDIUM,2026-06-10 19:21:08.206514
244,3,511,7,20,0.35,MEDIUM,2026-06-10 19:21:08.154074
409,15,3066,7,20,0.35,MEDIUM,2026-06-10 19:21:08.172306
256,12,1673,7,20,0.35,MEDIUM,2026-06-10 19:21:08.155644
69,17,501,5,15,0.3333333333333333,MEDIUM,2026-06-10 19:21:08.134169
101,1,392,3,9,0.3333333333333333,MEDIUM,2026-06-10 19:21:08.137601
828,10,630,3,9,0.3333333333333333,MEDIUM,2026-06-10 19:21:08.219618
852,16,1361,5,15,0.3333333333333333,MEDIUM,2026-06-10 19:21:08.222274
827,9,1778,3,9,0.3333333333333333,MEDIUM,2026-06-10 19:21:08.219468
606,6,1138,3,9,0.3333333333333333,MEDIUM,2026-06-10 19:21:08.193605
59,20,2254,4,12,0.3333333333333333,MEDIUM,2026-06-10 19:21:08.133020
106,14,2284,3,9,0.3333333333333333,MEDIUM,2026-06-10 19:21:08.138417
446,5,396,4,12,0.3333333333333333,MEDIUM,2026-06-10 19:21:08.176804
55,9,1078,3,9,0.3333333333333333,MEDIUM,2026-06-10 19:21:08.132370
112,12,1120,4,12,0.3333333333333333,MEDIUM,2026-06-10 19:21:08.139023
83,10,402,5,15,0.3333333333333333,MEDIUM,2026-06-10 19:21:08.135812
431,2,2559,4,12,0.3333333333333333,MEDIUM,2026-06-10 19:21:08.175106
428,1,2956,3,9,0.3333333333333333,MEDIUM,2026-06-10 19:21:08.174636
136,4,1015,4,12,0.3333333333333333,MEDIUM,2026-06-10 19:21:08.141748
665,8,1930,2,6,0.3333333333333333,MEDIUM,2026-06-10 19:21:08.200597
301,1,1625,4,12,0.3333333333333333,MEDIUM,2026-06-10 19:21:08.161267
547,15,285,5,15,0.3333333333333333,MEDIUM,2026-06-10 19:21:08.187094
298,12,2821,3,9,0.3333333333333333,MEDIUM,2026-06-10 19:21:08.160958
737,11,2827,4,12,0.3333333333333333,MEDIUM,2026-06-10 19:21:08.209440
296,18,1681,4,12,0.3333333333333333,MEDIUM,2026-06-10 19:21:08.160645
981,19,1237,2,6,0.3333333333333333,MEDIUM,2026-06-10 19:21:08.235635
747,11,2295,4,12,0.3333333333333333,MEDIUM,2026-06-10 19:21:08.210517
680,15,3645,3,9,0.3333333333333333,MEDIUM,2026-06-10 19:21:08.202143
682,17,670,3,9,0.3333333333333333,MEDIUM,2026-06-10 19:21:08.202456
204,12,2734,3,9,0.3333333333333333,MEDIUM,2026-06-10 19:21:08.149466
687,2,836,5,15,0.3333333333333333,MEDIUM,2026-06-10 19:21:08.203234
1063,3,40,3,9,0.3333333333333333,MEDIUM,2026-06-10 19:21:08.244917
171,11,1621,3,9,0.3333333333333333,MEDIUM,2026-06-10 19:21:08.145724
692,16,3363,4,12,0.3333333333333333,MEDIUM,2026-06-10 19:21:08.204018
263,10,1421,4,12,0.3333333333333333,MEDIUM,2026-06-10 19:21:08.156424
759,15,141,5,15,0.3333333333333333,MEDIUM,2026-06-10 19:21:08.211597
1048,15,2304,5,15,0.3333333333333333,MEDIUM,2026-06-10 19:21:08.243063
259,15,454,3,9,0.3333333333333333,MEDIUM,2026-06-10 19:21:08.155958
780,10,416,2,6,0.3333333333333333,MEDIUM,2026-06-10 19:21:08.213595
194,17,333,2,6,0.3333333333333333,MEDIUM,2026-06-10 19:21:08.148029
583,11,3503,4,12,0.3333333333333333,MEDIUM,2026-06-10 19:21:08.191151
994,5,1521,2,6,0.3333333333333333,MEDIUM,2026-06-10 19:21:08.237188
845,12,3149,4,12,0.3333333333333333,MEDIUM,2026-06-10 19:21:08.221659
95,8,1149,4,12,0.3333333333333333,MEDIUM,2026-06-10 19:21:08.136948
922,7,2758,2,6,0.3333333333333333,MEDIUM,2026-06-10 19:21:08.230073
918,8,2681,3,9,0.3333333333333333,MEDIUM,2026-06-10 19:21:08.229454
821,12,691,4,12,0.3333333333333333,MEDIUM,2026-06-10 19:21:08.218701
897,19,3591,3,9,0.3333333333333333,MEDIUM,2026-06-10 19:21:08.226966
927,10,1021,4,12,0.3333333333333333,MEDIUM,2026-06-10 19:21:08.230687
1098,5,1029,4,12,0.3333333333333333,MEDIUM,2026-06-10 19:21:08.248499
629,5,854,2,6,0.3333333333333333,MEDIUM,2026-06-10 19:21:08.195769
381,20,1828,2,6,0.3333333333333333,MEDIUM,2026-06-10 19:21:08.169511
999,3,1117,4,12,0.3333333333333333,MEDIUM,2026-06-10 19:21:08.237815
635,7,2831,4,12,0.3333333333333333,MEDIUM,2026-06-10 19:21:08.196540
460,20,506,4,12,0.3333333333333333,MEDIUM,2026-06-10 19:21:08.178559
121,2,864,5,15,0.3333333333333333,MEDIUM,2026-06-10 19:21:08.140029
254,8,2942,5,15,0.3333333333333333,MEDIUM,2026-06-10 19:21:08.155321
350,2,2892,3,9,0.3333333333333333,MEDIUM,2026-06-10 19:21:08.165336
24,2,3030,4,12,0.3333333333333333,MEDIUM,2026-06-10 19:21:08.125611
467,9,1442,5,15,0.3333333333333333,MEDIUM,2026-06-10 19:21:08.179023
1000,8,2765,3,9,0.3333333333333333,MEDIUM,2026-06-10 19:21:08.237970
811,1,1639,3,9,0.3333333333333333,MEDIUM,2026-06-10 19:21:08.217304
322,3,2797,5,15,0.3333333333333333,MEDIUM,2026-06-10 19:21:08.162986
654,9,3064,3,9,0.3333333333333333,MEDIUM,2026-06-10 19:21:08.199011
656,18,944,2,6,0.3333333333333333,MEDIUM,2026-06-10 19:21:08.199164
318,14,328,5,15,0.3333333333333333,MEDIUM,2026-06-10 19:21:08.162521
743,1,3375,2,6,0.3333333333333333,MEDIUM,2026-06-10 19:21:08.210054
1035,16,3020,3,9,0.3333333333333333,MEDIUM,2026-06-10 19:21:08.242142
11,8,2615,5,15,0.3333333333333333,MEDIUM,2026-06-10 19:21:08.127006
1096,8,3234,6,19,0.3157894736842105,MEDIUM,2026-06-10 19:21:08.248192
166,11,992,6,19,0.3157894736842105,MEDIUM,2026-06-10 19:21:08.145133
783,1,2936,6,19,0.3157894736842105,MEDIUM,2026-06-10 19:21:08.213906
758,17,2230,6,19,0.3157894736842105,MEDIUM,2026-06-10 19:21:08.211442
190,17,2827,5,16,0.3125,MEDIUM,2026-06-10 19:21:08.147714
765,10,3615,5,16,0.3125,MEDIUM,2026-06-10 19:21:08.211906
681,19,1365,5,16,0.3125,MEDIUM,2026-06-10 19:21:08.202295
50,11,1526,5,16,0.3125,MEDIUM,2026-06-10 19:21:08.131549
403,18,3186,5,16,0.3125,MEDIUM,2026-06-10 19:21:08.171529
308,10,1371,5,16,0.3125,MEDIUM,2026-06-10 19:21:08.161727
945,16,1529,5,16,0.3125,MEDIUM,2026-06-10 19:21:08.232228
975,3,84,5,16,0.3125,MEDIUM,2026-06-10 19:21:08.235157
429,17,317,4,13,0.3076923076923077,MEDIUM,2026-06-10 19:21:08.174788
1034,19,824,4,13,0.3076923076923077,MEDIUM,2026-06-10 19:21:08.241988
874,20,1309,4,13,0.3076923076923077,MEDIUM,2026-06-10 19:21:08.224750
586,7,2882,4,13,0.3076923076923077,MEDIUM,2026-06-10 19:21:08.191456
691,20,451,4,13,0.3076923076923077,MEDIUM,2026-06-10 19:21:08.203854
949,6,3118,4,13,0.3076923076923077,MEDIUM,2026-06-10 19:21:08.232692
732,5,3337,4,13,0.3076923076923077,MEDIUM,2026-06-10 19:21:08.208975
972,1,2319,4,13,0.3076923076923077,MEDIUM,2026-06-10 19:21:08.235002
192,4,2400,4,13,0.3076923076923077,MEDIUM,2026-06-10 19:21:08.147873
197,1,979,4,13,0.3076923076923077,MEDIUM,2026-06-10 19:21:08.148492
510,9,2786,4,13,0.3076923076923077,MEDIUM,2026-06-10 19:21:08.183070
561,16,1773,4,13,0.3076923076923077,MEDIUM,2026-06-10 19:21:08.188332
365,3,3479,4,13,0.3076923076923077,MEDIUM,2026-06-10 19:21:08.167193
208,17,2491,4,13,0.3076923076923077,MEDIUM,2026-06-10 19:21:08.150136
520,12,713,3,10,0.3,LOW,2026-06-10 19:21:08.184315
540,6,1886,3,10,0.3,LOW,2026-06-10 19:21:08.186176
549,2,1445,3,10,0.3,LOW,2026-06-10 19:21:08.187250
458,12,331,3,10,0.3,LOW,2026-06-10 19:21:08.178245
571,9,2705,3,10,0.3,LOW,2026-06-10 19:21:08.189449
456,3,1693,3,10,0.3,LOW,2026-06-10 19:21:08.177941
454,14,3394,3,10,0.3,LOW,2026-06-10 19:21:08.177786
451,19,2046,3,10,0.3,LOW,2026-06-10 19:21:08.177267
995,18,98,6,20,0.3,LOW,2026-06-10 19:21:08.237345
607,5,444,3,10,0.3,LOW,2026-06-10 19:21:08.193757
406,19,1221,3,10,0.3,LOW,2026-06-10 19:21:08.171839
612,7,1319,3,10,0.3,LOW,2026-06-10 19:21:08.194374
1024,1,1817,3,10,0.3,LOW,2026-06-10 19:21:08.240901
624,4,932,3,10,0.3,LOW,2026-06-10 19:21:08.195303
387,7,2843,3,10,0.3,LOW,2026-06-10 19:21:08.169973
628,18,1172,3,10,0.3,LOW,2026-06-10 19:21:08.195613
634,18,2777,3,10,0.3,LOW,2026-06-10 19:21:08.196389
307,5,1518,3,10,0.3,LOW,2026-06-10 19:21:08.161575
300,17,1072,3,10,0.3,LOW,2026-06-10 19:21:08.161111
283,15,526,3,10,0.3,LOW,2026-06-10 19:21:08.159099
965,5,180,3,10,0.3,LOW,2026-06-10 19:21:08.234389
231,5,1216,3,10,0.3,LOW,2026-06-10 19:21:08.152657
209,16,36,3,10,0.3,LOW,2026-06-10 19:21:08.150292
963,18,1470,3,10,0.3,LOW,2026-06-10 19:21:08.234074
756,4,2582,3,10,0.3,LOW,2026-06-10 19:21:08.211287
773,12,79,3,10,0.3,LOW,2026-06-10 19:21:08.212676
175,9,2559,3,10,0.3,LOW,2026-06-10 19:21:08.146314
158,6,3642,3,10,0.3,LOW,2026-06-10 19:21:08.144402
1064,17,3478,3,10,0.3,LOW,2026-06-10 19:21:08.245073
148,12,3382,3,10,0.3,LOW,2026-06-10 19:21:08.143370
102,9,1818,3,10,0.3,LOW,2026-06-10 19:21:08.137767
1089,9,330,3,10,0.3,LOW,2026-06-10 19:21:08.247261
872,8,3449,3,10,0.3,LOW,2026-06-10 19:21:08.224441
21,17,1621,3,10,0.3,LOW,2026-06-10 19:21:08.128403
926,1,795,3,10,0.3,LOW,2026-06-10 19:21:08.230533
5,9,1021,5,17,0.29411764705882354,LOW,2026-06-10 19:21:08.125969
787,10,1868,5,17,0.29411764705882354,LOW,2026-06-10 19:21:08.214368
71,9,1621,5,17,0.29411764705882354,LOW,2026-06-10 19:21:08.134498
925,11,1296,2,7,0.2857142857142857,LOW,2026-06-10 19:21:08.230383
476,17,1528,2,7,0.2857142857142857,LOW,2026-06-10 19:21:08.179646
613,7,1253,2,7,0.2857142857142857,LOW,2026-06-10 19:21:08.194536
422,6,411,4,14,0.2857142857142857,LOW,2026-06-10 19:21:08.173709
150,12,739,2,7,0.2857142857142857,LOW,2026-06-10 19:21:08.143661
1088,5,1820,4,14,0.2857142857142857,LOW,2026-06-10 19:21:08.247105
580,7,1370,4,14,0.2857142857142857,LOW,2026-06-10 19:21:08.190681
734,11,3181,4,14,0.2857142857142857,LOW,2026-06-10 19:21:08.209286
1004,14,1665,4,14,0.2857142857142857,LOW,2026-06-10 19:21:08.238429
80,4,1317,4,14,0.2857142857142857,LOW,2026-06-10 19:21:08.135483
480,8,1984,2,7,0.2857142857142857,LOW,2026-06-10 19:21:08.179956
271,3,3157,2,7,0.2857142857142857,LOW,2026-06-10 19:21:08.157360
621,11,3650,2,7,0.2857142857142857,LOW,2026-06-10 19:21:08.194997
690,20,702,4,14,0.2857142857142857,LOW,2026-06-10 19:21:08.203700
126,20,1200,4,14,0.2857142857142857,LOW,2026-06-10 19:21:08.140525
70,5,3404,2,7,0.2857142857142857,LOW,2026-06-10 19:21:08.134330
187,6,32,5,18,0.2777777777777778,LOW,2026-06-10 19:21:08.147403
56,6,3260,3,11,0.2727272727272727,LOW,2026-06-10 19:21:08.132531
107,16,1370,3,11,0.2727272727272727,LOW,2026-06-10 19:21:08.138577
57,5,471,3,11,0.2727272727272727,LOW,2026-06-10 19:21:08.132696
181,8,235,3,11,0.2727272727272727,LOW,2026-06-10 19:21:08.146934
489,4,1022,3,11,0.2727272727272727,LOW,2026-06-10 19:21:08.180732
435,15,3325,3,11,0.2727272727272727,LOW,2026-06-10 19:21:08.175720
38,5,1212,3,11,0.2727272727272727,LOW,2026-06-10 19:21:08.130238
466,16,610,3,11,0.2727272727272727,LOW,2026-06-10 19:21:08.178868
722,10,1795,3,11,0.2727272727272727,LOW,2026-06-10 19:21:08.207893
514,15,232,3,11,0.2727272727272727,LOW,2026-06-10 19:21:08.183688
306,17,2526,3,11,0.2727272727272727,LOW,2026-06-10 19:21:08.161421
261,9,661,3,11,0.2727272727272727,LOW,2026-06-10 19:21:08.156267
938,12,661,3,11,0.2727272727272727,LOW,2026-06-10 19:21:08.231614
64,11,476,4,15,0.26666666666666666,LOW,2026-06-10 19:21:08.133675
223,18,2899,4,15,0.26666666666666666,LOW,2026-06-10 19:21:08.151558
413,7,1625,4,15,0.26666666666666666,LOW,2026-06-10 19:21:08.172767
643,2,844,4,15,0.26666666666666666,LOW,2026-06-10 19:21:08.197623
441,17,157,4,15,0.26666666666666666,LOW,2026-06-10 19:21:08.176342
264,2,724,4,15,0.26666666666666666,LOW,2026-06-10 19:21:08.156582
1097,17,1575,4,15,0.26666666666666666,LOW,2026-06-10 19:21:08.248346
1001,17,125,4,15,0.26666666666666666,LOW,2026-06-10 19:21:08.238123
51,6,670,4,15,0.26666666666666666,LOW,2026-06-10 19:21:08.131715
258,15,1552,5,19,0.2631578947368421,LOW,2026-06-10 19:21:08.155801
242,7,711,2,8,0.25,LOW,2026-06-10 19:21:08.153906
961,18,1971,4,16,0.25,LOW,2026-06-10 19:21:08.233768
960,2,2814,3,12,0.25,LOW,2026-06-10 19:21:08.233611
246,2,925,2,8,0.25,LOW,2026-06-10 19:21:08.154391
1050,18,1697,2,8,0.25,LOW,2026-06-10 19:21:08.243217
700,18,2686,3,12,0.25,LOW,2026-06-10 19:21:08.205126
697,18,498,4,16,0.25,LOW,2026-06-10 19:21:08.204809
786,1,2709,2,8,0.25,LOW,2026-06-10 19:21:08.214213
289,19,991,4,16,0.25,LOW,2026-06-10 19:21:08.159871
809,10,1598,2,8,0.25,LOW,2026-06-10 19:21:08.216999
658,15,979,3,12,0.25,LOW,2026-06-10 19:21:08.199518
330,15,2351,3,12,0.25,LOW,2026-06-10 19:21:08.163608
815,3,147,4,16,0.25,LOW,2026-06-10 19:21:08.217772
363,15,2247,2,8,0.25,LOW,2026-06-10 19:21:08.166882
368,19,99,4,16,0.25,LOW,2026-06-10 19:21:08.167655
391,1,2903,2,8,0.25,LOW,2026-06-10 19:21:08.170293
601,20,3584,2,8,0.25,LOW,2026-06-10 19:21:08.192995
920,3,1990,2,8,0.25,LOW,2026-06-10 19:21:08.229765
424,2,1850,2,8,0.25,LOW,2026-06-10 19:21:08.174022
433,6,1472,3,12,0.25,LOW,2026-06-10 19:21:08.175414
843,5,3542,2,8,0.25,LOW,2026-06-10 19:21:08.221340
440,20,3119,3,12,0.25,LOW,2026-06-10 19:21:08.176189
850,14,2533,4,16,0.25,LOW,2026-06-10 19:21:08.222120
860,15,3621,2,8,0.25,LOW,2026-06-10 19:21:08.223198
459,7,693,2,8,0.25,LOW,2026-06-10 19:21:08.178398
864,18,471,4,16,0.25,LOW,2026-06-10 19:21:08.223669
41,6,1176,3,12,0.25,LOW,2026-06-10 19:21:08.130731
881,19,1850,2,8,0.25,LOW,2026-06-10 19:21:08.225218
32,8,2661,4,16,0.25,LOW,2026-06-10 19:21:08.129401
889,5,2312,2,8,0.25,LOW,2026-06-10 19:21:08.226196
483,10,1661,6,24,0.25,LOW,2026-06-10 19:21:08.180421
891,5,3193,3,12,0.25,LOW,2026-06-10 19:21:08.226506
964,20,3007,2,8,0.25,LOW,2026-06-10 19:21:08.234233
502,18,1714,3,12,0.25,LOW,2026-06-10 19:21:08.182141
534,2,2751,2,8,0.25,LOW,2026-06-10 19:21:08.185866
728,15,436,2,8,0.25,LOW,2026-06-10 19:21:08.208510
241,2,1589,4,17,0.23529411764705882,LOW,2026-06-10 19:21:08.153750
268,11,2034,4,17,0.23529411764705882,LOW,2026-06-10 19:21:08.157045
866,18,2121,4,17,0.23529411764705882,LOW,2026-06-10 19:21:08.223826
15,4,1641,4,17,0.23529411764705882,LOW,2026-06-10 19:21:08.127569
463,8,1186,4,17,0.23529411764705882,LOW,2026-06-10 19:21:08.178709
870,15,634,3,13,0.23076923076923078,LOW,2026-06-10 19:21:08.224287
801,14,2548,3,13,0.23076923076923078,LOW,2026-06-10 19:21:08.215907
730,1,2844,3,13,0.23076923076923078,LOW,2026-06-10 19:21:08.208668
202,15,3297,3,13,0.23076923076923078,LOW,2026-06-10 19:21:08.149153
522,6,2657,3,13,0.23076923076923078,LOW,2026-06-10 19:21:08.184620
834,17,1136,3,13,0.23076923076923078,LOW,2026-06-10 19:21:08.220244
1083,8,212,3,13,0.23076923076923078,LOW,2026-06-10 19:21:08.246792
344,3,2752,3,13,0.23076923076923078,LOW,2026-06-10 19:21:08.164872
225,17,496,3,13,0.23076923076923078,LOW,2026-06-10 19:21:08.151716
180,10,660,2,9,0.2222222222222222,LOW,2026-06-10 19:21:08.146783
295,19,1779,2,9,0.2222222222222222,LOW,2026-06-10 19:21:08.160495
701,5,2586,2,9,0.2222222222222222,LOW,2026-06-10 19:21:08.205279
1015,2,2871,2,9,0.2222222222222222,LOW,2026-06-10 19:21:08.239826
408,5,526,2,9,0.2222222222222222,LOW,2026-06-10 19:21:08.172157
633,11,332,2,9,0.2222222222222222,LOW,2026-06-10 19:21:08.196233
577,3,2754,2,9,0.2222222222222222,LOW,2026-06-10 19:21:08.190217
1006,9,1148,2,9,0.2222222222222222,LOW,2026-06-10 19:21:08.238743
35,9,1312,2,9,0.2222222222222222,LOW,2026-06-10 19:21:08.129905
900,16,1027,2,9,0.2222222222222222,LOW,2026-06-10 19:21:08.227272
733,4,2113,2,9,0.2222222222222222,LOW,2026-06-10 19:21:08.209130
482,10,480,2,9,0.2222222222222222,LOW,2026-06-10 19:21:08.180265
173,16,626,2,9,0.2222222222222222,LOW,2026-06-10 19:21:08.146017
1011,1,564,2,9,0.2222222222222222,LOW,2026-06-10 19:21:08.239364
272,3,3287,2,9,0.2222222222222222,LOW,2026-06-10 19:21:08.157513
553,20,1171,3,14,0.21428571428571427,LOW,2026-06-10 19:21:08.187710
132,20,2923,3,14,0.21428571428571427,LOW,2026-06-10 19:21:08.141160
185,18,448,3,14,0.21428571428571427,LOW,2026-06-10 19:21:08.147091
206,15,1655,3,14,0.21428571428571427,LOW,2026-06-10 19:21:08.149777
230,12,2023,3,14,0.21428571428571427,LOW,2026-06-10 19:21:08.152498
237,16,2046,3,14,0.21428571428571427,LOW,2026-06-10 19:21:08.153121
496,14,238,3,14,0.21428571428571427,LOW,2026-06-10 19:21:08.181523
678,19,1999,3,14,0.21428571428571427,LOW,2026-06-10 19:21:08.201832
830,9,3291,3,14,0.21428571428571427,LOW,2026-06-10 19:21:08.219933
884,7,643,3,14,0.21428571428571427,LOW,2026-06-10 19:21:08.225683
145,4,836,4,19,0.21052631578947367,LOW,2026-06-10 19:21:08.142924
25,1,1012,4,19,0.21052631578947367,LOW,2026-06-10 19:21:08.128740
96,4,1022,2,10,0.2,LOW,2026-06-10 19:21:08.137114
129,20,337,2,10,0.2,LOW,2026-06-10 19:21:08.140858
138,2,585,3,15,0.2,LOW,2026-06-10 19:21:08.142042
147,8,670,2,10,0.2,LOW,2026-06-10 19:21:08.143220
1062,3,2419,2,10,0.2,LOW,2026-06-10 19:21:08.244760
214,3,2560,3,15,0.2,LOW,2026-06-10 19:21:08.150758
1057,10,1466,1,5,0.2,LOW,2026-06-10 19:21:08.244134
221,4,566,2,10,0.2,LOW,2026-06-10 19:21:08.151388
238,19,12,2,10,0.2,LOW,2026-06-10 19:21:08.153280
819,2,1116,2,10,0.2,LOW,2026-06-10 19:21:08.218394
803,8,1341,2,10,0.2,LOW,2026-06-10 19:21:08.216218
640,2,1327,2,10,0.2,LOW,2026-06-10 19:21:08.197158
567,11,2853,2,10,0.2,LOW,2026-06-10 19:21:08.188983
576,3,934,2,10,0.2,LOW,2026-06-10 19:21:08.190066
724,1,393,2,10,0.2,LOW,2026-06-10 19:21:08.208046
715,4,299,1,5,0.2,LOW,2026-06-10 19:21:08.207129
714,1,1036,3,15,0.2,LOW,2026-06-10 19:21:08.206975
799,8,553,2,10,0.2,LOW,2026-06-10 19:21:08.215600
333,8,3009,3,15,0.2,LOW,2026-06-10 19:21:08.163921
785,10,2900,4,20,0.2,LOW,2026-06-10 19:21:08.214058
418,10,721,2,10,0.2,LOW,2026-06-10 19:21:08.173392
1017,9,2602,2,10,0.2,LOW,2026-06-10 19:21:08.239980
554,6,1600,3,15,0.2,LOW,2026-06-10 19:21:08.187864
817,9,951,4,21,0.19047619047619047,LOW,2026-06-10 19:21:08.218090
1038,10,2687,3,16,0.1875,LOW,2026-06-10 19:21:08.242603
625,3,1332,3,16,0.1875,LOW,2026-06-10 19:21:08.195458
611,1,2221,3,16,0.1875,LOW,2026-06-10 19:21:08.194219
575,1,618,3,16,0.1875,LOW,2026-06-10 19:21:08.189912
708,20,1673,2,11,0.18181818181818182,LOW,2026-06-10 19:21:08.206205
712,15,485,2,11,0.18181818181818182,LOW,2026-06-10 19:21:08.206667
672,17,628,2,11,0.18181818181818182,LOW,2026-06-10 19:21:08.201527
657,18,159,2,11,0.18181818181818182,LOW,2026-06-10 19:21:08.199361
1012,1,889,2,11,0.18181818181818182,LOW,2026-06-10 19:21:08.239519
347,6,1353,2,11,0.18181818181818182,LOW,2026-06-10 19:21:08.165028
1036,11,2660,2,11,0.18181818181818182,LOW,2026-06-10 19:21:08.242295
167,8,1259,2,11,0.18181818181818182,LOW,2026-06-10 19:21:08.145286
155,1,2533,2,11,0.18181818181818182,LOW,2026-06-10 19:21:08.144255
588,15,1994,3,17,0.17647058823529413,LOW,2026-06-10 19:21:08.191613
910,2,2750,1,6,0.16666666666666666,LOW,2026-06-10 19:21:08.228520
1051,17,2352,2,12,0.16666666666666666,LOW,2026-06-10 19:21:08.243369
1042,6,1177,2,12,0.16666666666666666,LOW,2026-06-10 19:21:08.242909
585,12,77,1,6,0.16666666666666666,LOW,2026-06-10 19:21:08.191303
895,10,1916,1,6,0.16666666666666666,LOW,2026-06-10 19:21:08.226813
472,5,2682,1,6,0.16666666666666666,LOW,2026-06-10 19:21:08.179334
29,9,2853,2,12,0.16666666666666666,LOW,2026-06-10 19:21:08.129073
120,7,770,2,12,0.16666666666666666,LOW,2026-06-10 19:21:08.139868
731,1,1307,2,12,0.16666666666666666,LOW,2026-06-10 19:21:08.208821
122,18,405,1,6,0.16666666666666666,LOW,2026-06-10 19:21:08.140191
608,2,56,2,12,0.16666666666666666,LOW,2026-06-10 19:21:08.193913
894,14,3099,1,6,0.16666666666666666,LOW,2026-06-10 19:21:08.226658
361,15,559,2,12,0.16666666666666666,LOW,2026-06-10 19:21:08.166728
890,12,759,2,12,0.16666666666666666,LOW,2026-06-10 19:21:08.226353
10,12,749,1,6,0.16666666666666666,LOW,2026-06-10 19:21:08.126836
37,6,3635,3,18,0.16666666666666666,LOW,2026-06-10 19:21:08.130074
769,1,420,2,12,0.16666666666666666,LOW,2026-06-10 19:21:08.212520
530,18,3342,2,12,0.16666666666666666,LOW,2026-06-10 19:21:08.185401
81,12,812,1,6,0.16666666666666666,LOW,2026-06-10 19:21:08.135647
515,4,429,2,12,0.16666666666666666,LOW,2026-06-10 19:21:08.183844
89,20,1486,2,12,0.16666666666666666,LOW,2026-06-10 19:21:08.136299
512,16,3640,1,6,0.16666666666666666,LOW,2026-06-10 19:21:08.183377
506,19,2101,1,6,0.16666666666666666,LOW,2026-06-10 19:21:08.182608
93,11,3640,2,12,0.16666666666666666,LOW,2026-06-10 19:21:08.136627
859,3,2787,1,6,0.16666666666666666,LOW,2026-06-10 19:21:08.223044
779,3,570,3,19,0.15789473684210525,LOW,2026-06-10 19:21:08.213443
962,7,437,2,13,0.15384615384615385,LOW,2026-06-10 19:21:08.233922
1092,20,3147,2,13,0.15384615384615385,LOW,2026-06-10 19:21:08.247730
1052,20,2220,2,13,0.15384615384615385,LOW,2026-06-10 19:21:08.243527
124,14,440,2,13,0.15384615384615385,LOW,2026-06-10 19:21:08.140360
417,10,800,2,13,0.15384615384615385,LOW,2026-06-10 19:21:08.173226
863,17,1581,2,13,0.15384615384615385,LOW,2026-06-10 19:21:08.223505
1084,8,839,2,13,0.15384615384615385,LOW,2026-06-10 19:21:08.246946
616,17,2873,2,13,0.15384615384615385,LOW,2026-06-10 19:21:08.194841
444,4,1275,2,13,0.15384615384615385,LOW,2026-06-10 19:21:08.176655
374,8,3614,1,7,0.14285714285714285,LOW,2026-06-10 19:21:08.168428
755,15,494,1,7,0.14285714285714285,LOW,2026-06-10 19:21:08.211131
956,10,2409,2,14,0.14285714285714285,LOW,2026-06-10 19:21:08.233304
398,4,2437,1,7,0.14285714285714285,LOW,2026-06-10 19:21:08.170908
339,14,3033,1,7,0.14285714285714285,LOW,2026-06-10 19:21:08.164235
273,17,1024,1,7,0.14285714285714285,LOW,2026-06-10 19:21:08.157677
260,1,974,2,14,0.14285714285714285,LOW,2026-06-10 19:21:08.156116
844,1,2763,2,14,0.14285714285714285,LOW,2026-06-10 19:21:08.221493
858,19,2606,1,7,0.14285714285714285,LOW,2026-06-10 19:21:08.222889
134,18,2190,3,21,0.14285714285714285,LOW,2026-06-10 19:21:08.141452
432,16,736,2,15,0.13333333333333333,LOW,2026-06-10 19:21:08.175257
28,16,2270,2,15,0.13333333333333333,LOW,2026-06-10 19:21:08.128903
357,4,3374,1,8,0.125,LOW,2026-06-10 19:21:08.166110
794,7,2120,2,16,0.125,LOW,2026-06-10 19:21:08.215137
72,10,932,1,8,0.125,LOW,2026-06-10 19:21:08.134667
933,15,1283,1,8,0.125,LOW,2026-06-10 19:21:08.231150
411,17,3208,2,16,0.125,LOW,2026-06-10 19:21:08.172463
768,12,1698,1,8,0.125,LOW,2026-06-10 19:21:08.212368
201,18,3647,2,17,0.11764705882352941,LOW,2026-06-10 19:21:08.148987
915,15,2673,2,18,0.1111111111111111,LOW,2026-06-10 19:21:08.229141
695,6,2931,1,9,0.1111111111111111,LOW,2026-06-10 19:21:08.204487
281,17,3216,1,9,0.1111111111111111,LOW,2026-06-10 19:21:08.158788
693,5,1528,1,9,0.1111111111111111,LOW,2026-06-10 19:21:08.204179
396,18,2074,1,10,0.1,LOW,2026-06-10 19:21:08.170753
878,4,1019,1,10,0.1,LOW,2026-06-10 19:21:08.225066
154,2,444,1,10,0.1,LOW,2026-06-10 19:21:08.144101
251,5,1489,1,10,0.1,LOW,2026-06-10 19:21:08.154857
704,10,2098,1,11,0.09090909090909091,LOW,2026-06-10 19:21:08.205748
315,10,3215,1,11,0.09090909090909091,LOW,2026-06-10 19:21:08.162046
490,20,3186,1,11,0.09090909090909091,LOW,2026-06-10 19:21:08.180898
816,15,2726,1,13,0.07692307692307693,LOW,2026-06-10 19:21:08.217925
1010,5,405,1,13,0.07692307692307693,LOW,2026-06-10 19:21:08.239205
523,3,1273,1,14,0.07142857142857142,LOW,2026-06-10 19:21:08.184771
172,16,959,1,15,0.06666666666666667,LOW,2026-06-10 19:21:08.145868
513,15,482,0,4,0.0,LOW,2026-06-10 19:21:08.183528
566,14,3516,0,12,0.0,LOW,2026-06-10 19:21:08.188828
1100,15,1613,0,7,0.0,LOW,2026-06-10 19:21:08.248811
343,19,2642,0,7,0.0,LOW,2026-06-10 19:21:08.164713
668,10,3065,0,6,0.0,LOW,2026-06-10 19:21:08.200902
253,16,3098,0,8,0.0,LOW,2026-06-10 19:21:08.155164
142,15,157,0,6,0.0,LOW,2026-06-10 19:21:08.142481
135,7,3635,0,7,0.0,LOW,2026-06-10 19:21:08.141602
882,18,531,0,6,0.0,LOW,2026-06-10 19:21:08.225373
452,20,2073,0,5,0.0,LOW,2026-06-10 19:21:08.177475
647,3,1327,0,8,0.0,LOW,2026-06-10 19:21:08.198239
